00000000,dtcTable(0),0
00000400,hallU(0),0
00000401,hallV(0),0
00000402,hallW(0),0
00000403,ics_port(0),0
00000404,ics_wtype(0),0
0000040c,ics_wbuf(0),0
0000041e,ics_rsum(0),0
0000041f,ics_rcom(0),0
00000420,motorNp(0),0
00000421,uiRequest(0),0
00000422,controlMode(0),0
00000423,previousHall(0),0
00000424,basePosition(0),0
00000425,capturedCountIndex(0),0
00000426,ics_rx_cnt(0),0
00000427,ics_even(0),0
00000428,ics_watch_ix(3),0
0000042a,ics_watch_jx(3),0
0000042c,ics_tx(0),0
0000043e,capturedCount(3),0
00000440,capturedCountBuffer(0),0
00000446,ics_wready(3),0
00000848,ics_waddr(0),0
00000868,ics_buf2nd(0),0
00000878,ics_data1(6),0
0000087c,ics_data2(6),0
00000880,ics_dtc_tx(0),0
00000890,_errno(6),0
00000894,motorKe(6),0
00000898,omLimit(6),0
0000089c,offsetPositon(6),0
000008a0,kpOm(6),0
000008a4,kiOm(6),0
000008a8,wpOm(6),0
000008ac,tmLimit(6),0
000008b0,controlThresholdOm(6),0
000008b4,controlHysteresisOm(6),0
000008b8,idRefOpen(6),0
000008bc,openLoopOmStep(6),0
000008c0,iuOffset(6),0
000008c4,iwOffset(6),0
000008c8,ivOffset(6),0
000008cc,kpId(6),0
000008d0,kiId(6),0
000008d4,kpIq(6),0
000008d8,kiIq(6),0
000008dc,vdqLimitFactor(6),0
000008e0,mUpperLimit(6),0
000008e4,isRunRequest(6),0
000008e8,omRequest(6),0
000008ec,isRunning(6),0
000008f0,isCCW(6),0
000008f4,capturedCountSum(6),0
000008f8,pe(6),0
000008fc,oe(6),0
00000900,om(6),0
00000904,sensedPe(6),0
00000908,sensedOe(6),0
0000090c,sensedOm(6),0
00000910,omRef(6),0
00000914,tmRefP(6),0
00000918,tmRefI(6),0
0000091c,tmRefPFw(6),0
00000920,tmRef(6),0
00000924,tmRefOver(6),0
00000928,iu(6),0
0000092c,iw(6),0
00000930,vpn(6),0
00000934,vun(6),0
00000938,vvn(6),0
0000093c,vwn(6),0
00000940,iv(6),0
00000944,vr1(6),0
00000948,ia(6),0
0000094c,ib(6),0
00000950,id(6),0
00000954,iq(6),0
00000958,idRef(6),0
0000095c,iqRef(6),0
00000960,vdRefP(6),0
00000964,vdRefI(6),0
00000968,vqRefP(6),0
0000096c,vqRefI(6),0
00000970,vdRef(6),0
00000974,vqRef(6),0
00000978,vdRefOver(6),0
0000097c,vqRefOver(6),0
00000980,vaRef(6),0
00000984,vbRef(6),0
00000988,vuRef(6),0
0000098c,vvRef(6),0
00000990,vwRef(6),0
00000994,muRef(6),0
00000998,mvRef(6),0
0000099c,mwRef(6),0
